{"count":1,"self":47800.9556992,"total":48778.5405657,"children":{"InitializeActuators":{"count":20,"self":0.0019996,"total":0.0019996,"children":null},"InitializeSensors":{"count":20,"self":0.0015008999999999999,"total":0.0015008999999999999,"children":null},"AgentSendState":{"count":4476301,"self":7.9902175999999994,"total":9.9350230999999987,"children":{"CollectObservations":{"count":100077,"self":0.0700176,"total":0.0700176,"children":null},"WriteActionMask":{"count":100077,"self":0.0980105,"total":0.0980105,"children":null},"RequestDecision":{"count":100077,"self":0.5259393,"total":1.7767773,"children":{"AgentInfo.ToProto":{"count":100077,"self":0.48600329999999997,"total":1.250838,"children":{"GenerateSensorData":{"count":100077,"self":0.7648347,"total":0.7648347,"children":null}}}}}}},"DecideAction":{"count":4476301,"self":963.9556096,"total":963.95562699999994,"children":null},"AgentAct":{"count":4476301,"self":3.4419108,"total":3.4419108,"children":null},"AgentInfo.ToProto":{"count":23398,"self":0.097015999999999991,"total":0.24690179999999998,"children":{"GenerateSensorData":{"count":23398,"self":0.14988579999999999,"total":0.14988579999999999,"children":null}}}},"gauges":{"MyBehavior.CumulativeReward":{"count":23398,"max":0.99975,"min":0.7269114,"runningAverage":0.9143817,"value":0.9102686,"weightedAverage":0.9153465}},"metadata":{"timer_format_version":"0.1.0","start_time_seconds":"1675051503","unity_version":"2021.3.15f1","command_line_arguments":"D:\\Program Files (x86)\\2021.3.15f1\\Editor\\Unity.exe -projectpath D:\\Unity project\\Senior Project\\Senior project enviroment -useHub -hubIPC -cloudEnvironment production -licensingIpc LicenseClient-Anas -hubSessionId 3207ab80-9fd4-11ed-9bdf-91f0afc14dce -accessToken pzHIJ4BcuJCxA5-J_AfrHNvZGq-LME-s2oyLkkLn2Rg011f","communication_protocol_version":"1.5.0","com.unity.ml-agents_version":"2.0.1","scene_name":"SampleScene","end_time_seconds":"1675100281"}}