{"count":1,"self":93190.2193664,"total":95223.7300005,"children":{"InitializeActuators":{"count":20,"self":0.0020009,"total":0.0020009,"children":null},"InitializeSensors":{"count":20,"self":0.0015008999999999999,"total":0.0015008999999999999,"children":null},"AgentSendState":{"count":9980601,"self":20.583892799999997,"total":24.9613575,"children":{"CollectObservations":{"count":200115,"self":0.1262202,"total":0.1262202,"children":null},"WriteActionMask":{"count":200115,"self":0.2074585,"total":0.2074585,"children":null},"RequestDecision":{"count":200115,"self":1.0775742,"total":4.0437858,"children":{"AgentInfo.ToProto":{"count":200115,"self":1.2685309,"total":2.9662116,"children":{"GenerateSensorData":{"count":200115,"self":1.6976807999999999,"total":1.6976806999999998,"children":null}}}}}}},"DecideAction":{"count":9980601,"self":1998.8797439999998,"total":1998.8797660999999,"children":null},"AgentAct":{"count":9980601,"self":9.2719352,"total":9.2719352,"children":null},"AgentInfo.ToProto":{"count":30497,"self":0.13114199999999998,"total":0.38937679999999997,"children":{"GenerateSensorData":{"count":30497,"self":0.2582348,"total":0.2582348,"children":null}}}},"gauges":{"MyBehavior.CumulativeReward":{"count":30497,"max":1.59044147,"min":-70.14781,"runningAverage":0.300626636,"value":0.379353523,"weightedAverage":0.5998609}},"metadata":{"timer_format_version":"0.1.0","start_time_seconds":"1674687411","unity_version":"2021.3.15f1","command_line_arguments":"D:\\Program Files (x86)\\2021.3.15f1\\Editor\\Unity.exe -projectpath D:\\Unity project\\Senior Project\\Senior project enviroment -useHub -hubIPC -cloudEnvironment production -licensingIpc LicenseClient-Anas -hubSessionId 308e9720-9d02-11ed-a226-edcc5b2a4727 -accessToken b_8xqMHdoVzPiXXGSOG50bnRekN_r67Iq0UBmYaaiTw011f","communication_protocol_version":"1.5.0","com.unity.ml-agents_version":"2.0.1","scene_name":"SampleScene","end_time_seconds":"1674782635"}}