{"count":1,"self":59090.0363264,"total":60514.0980008,"children":{"InitializeActuators":{"count":20,"self":0.003499,"total":0.003499,"children":null},"InitializeSensors":{"count":20,"self":0.0020004,"total":0.0020004,"children":null},"AgentSendState":{"count":4555034,"self":19.6333712,"total":24.3503312,"children":{"CollectObservations":{"count":110516,"self":0.256024,"total":0.256024,"children":null},"WriteActionMask":{"count":110516,"self":0.22240459999999998,"total":0.22240459999999998,"children":null},"RequestDecision":{"count":110516,"self":1.5301567999999999,"total":4.2385321,"children":{"AgentInfo.ToProto":{"count":110516,"self":0.94408059999999994,"total":2.7083752999999997,"children":{"GenerateSensorData":{"count":110516,"self":1.7642947999999998,"total":1.7642947,"children":null}}}}}}},"DecideAction":{"count":4555034,"self":1390.329344,"total":1390.3293892,"children":null},"AgentAct":{"count":4555034,"self":8.8403496,"total":8.8403498,"children":null},"AgentInfo.ToProto":{"count":20707,"self":0.2093291,"total":0.53447119999999992,"children":{"GenerateSensorData":{"count":20707,"self":0.3251421,"total":0.3251421,"children":null}}}},"gauges":{"MyBehavior.CumulativeReward":{"count":20707,"max":0.99975,"min":0.113957211,"runningAverage":0.8926388,"value":0.9169789,"weightedAverage":0.9107911}},"metadata":{"timer_format_version":"0.1.0","start_time_seconds":"1674856849","unity_version":"2021.3.15f1","command_line_arguments":"D:\\Program Files (x86)\\2021.3.15f1\\Editor\\Unity.exe -projectpath D:\\Unity project\\Senior Project\\Senior project enviroment -useHub -hubIPC -cloudEnvironment production -licensingIpc LicenseClient-Anas -hubSessionId af0b23b0-9df3-11ed-9f03-99e6e6c6bf2e -accessToken cxj217GO76Fk-iZfigps612rU3x5BcpwRoX15UUtm_g011f","communication_protocol_version":"1.5.0","com.unity.ml-agents_version":"2.0.1","scene_name":"SampleScene","end_time_seconds":"1674917363"}}